id_equipamento,tipo_servico,desc_servico,date_created
8,preventivo,Ohtaube,11/10/2019
10,planejada,Oqamzdx,5/8/2020
8,planejada,Fukeuvu,8/27/2020
5,preventivo,Hhpxcno,11/21/2019
10,preventivo,Pwigpdh,5/27/2020
4,corretivo,Bkxqhot,12/29/2019
3,preventivo,Vrqagds,4/15/2020
8,preventivo,Kknnqps,11/21/2019
8,planejada,Lxbyfmw,7/5/2020
3,corretivo,Kktfwlf,9/4/2020
10,preventivo,Dxfcffr,2/18/2020
9,corretivo,Ngijqae,2/21/2020
3,corretivo,Jjecxxv,6/6/2020
4,preventivo,Maktrkv,8/19/2020
10,preventivo,Evlebcl,5/9/2020
3,planejada,Onoybzd,10/15/2019
9,planejada,Zpkldco,10/15/2019
2,planejada,Lbqhlez,6/12/2020
1,corretivo,Efkiote,1/27/2020
3,corretivo,Ftxtidu,8/5/2020
6,preventivo,Lrqgdvu,4/6/2020
6,preventivo,Vpuiihm,2/24/2020
7,planejada,Afipxla,2/29/2020
6,preventivo,Kdcsodx,2/7/2020
7,corretivo,Bozpvqg,12/12/2019
4,planejada,Ebdfvyf,1/4/2020
8,preventivo,Yenfgdu,11/21/2019
6,corretivo,Stjgwjv,10/8/2019
2,preventivo,Gnzahdc,8/20/2020
3,corretivo,Iuiehdl,11/14/2019
3,corretivo,Mxsnzxv,3/23/2020
1,preventivo,Hydlfta,1/22/2020
1,corretivo,Hkbfizb,1/28/2020
9,corretivo,Cxstqpq,11/1/2019
5,preventivo,Bnrygxw,1/12/2020
1,preventivo,Cgskzpe,7/24/2020
1,planejada,Efnqviv,2/26/2020
2,preventivo,Siaavym,7/26/2020
10,preventivo,Orxxgls,5/15/2020
8,preventivo,Mjddbii,10/11/2019
1,preventivo,Oarhkwn,8/20/2020
4,corretivo,Ixqdugy,3/12/2020
4,planejada,Zmbtgcl,11/26/2019
5,preventivo,Gikiinu,9/1/2020
7,preventivo,Qwoknhn,6/18/2020
7,planejada,Jmwkwvw,12/9/2019
2,preventivo,Pbldszk,12/6/2019
1,planejada,Loxlnpv,2/22/2020
10,preventivo,Qenvflt,5/27/2020
7,corretivo,Yeirwsm,10/17/2019
10,planejada,Sughale,1/4/2020
8,preventivo,Iwfchqs,5/26/2020
3,planejada,Bgmoziv,6/7/2020
7,preventivo,Ngxazte,7/27/2020
1,planejada,Ukkgcrf,9/9/2020
2,planejada,Yjciros,11/18/2019
4,planejada,Gjimsvb,10/11/2019
8,planejada,Yfphwoi,9/27/2020
2,preventivo,Lndgnxn,7/19/2020
8,planejada,Cgvsyic,3/25/2020
3,planejada,Uouhzyw,9/29/2020
2,corretivo,Pzdzokx,11/29/2019
5,preventivo,Duarcnp,4/28/2020
9,corretivo,Vuspncz,2/19/2020
1,corretivo,Qcmzeif,12/28/2019
1,corretivo,Yuxhbpo,11/10/2019
7,preventivo,Zrcfrme,7/18/2020
3,planejada,Fyxsfeh,1/7/2020
7,planejada,Ktqcfkq,2/16/2020
2,corretivo,Dxvubah,8/18/2020
2,corretivo,Cgsdnrh,7/10/2020
9,planejada,Oaqvgua,6/17/2020
8,corretivo,Vgzdtfs,10/29/2019
6,planejada,Kjcgvtf,3/30/2020
1,preventivo,Pwvjgtz,4/21/2020
7,preventivo,Xfgaisu,12/26/2019
8,planejada,Kxlzjiv,9/12/2020
4,planejada,Xnulxfb,11/11/2019
2,preventivo,Ftlxlgi,10/21/2019
5,planejada,Nnwsklt,8/20/2020
2,preventivo,Bvnohzg,10/26/2019
6,preventivo,Gimzwxr,5/29/2020
7,planejada,Stopvho,5/7/2020
4,planejada,Ueuhiyo,9/15/2020
5,preventivo,Uzdaief,10/28/2019
7,corretivo,Ovkisqf,10/10/2019
5,planejada,Wwxufck,8/20/2020
3,corretivo,Rpvvmji,11/3/2019
5,preventivo,Flziule,9/21/2020
6,planejada,Npndxmp,3/22/2020
4,preventivo,Rvhzmar,6/4/2020
8,preventivo,Csudluq,3/1/2020
3,corretivo,Hhtccvf,9/6/2020
9,corretivo,Kwsakzv,10/11/2019
3,planejada,Fxoskmc,8/30/2020
8,corretivo,Uffnxji,8/30/2020
3,corretivo,Oxqwsts,3/6/2020
6,corretivo,Oqdkows,5/22/2020
2,corretivo,Bfbayst,2/20/2020
7,planejada,Qkuimzi,8/18/2020
2,preventivo,Kqkoflr,5/23/2020
4,preventivo,Bexpvbg,9/21/2020
9,preventivo,Lalgowz,11/17/2019
6,planejada,Sixywbn,8/11/2020
2,preventivo,Dybwuce,4/27/2020
5,corretivo,Rgmccig,9/17/2020
5,planejada,Nefuhtb,11/1/2019
5,preventivo,Vkxkmbk,1/14/2020
3,planejada,Ovsoori,5/21/2020
8,preventivo,Guxzenh,7/1/2020
8,corretivo,Rugirux,7/5/2020
8,planejada,Gvtbdsx,4/18/2020
5,preventivo,Dioiznz,11/18/2019
5,corretivo,Lajutas,2/21/2020
6,planejada,Istpykd,10/21/2019
9,preventivo,Svihpkj,11/13/2019
10,preventivo,Bbpdriq,6/8/2020
9,planejada,Kiqktev,3/29/2020
1,planejada,Dtdscmk,1/24/2020
6,preventivo,Fawhahg,8/29/2020
3,corretivo,Npbvyza,11/21/2019
5,preventivo,Kmuwsgk,1/1/2020
1,preventivo,Jhvlyiv,8/18/2020
6,preventivo,Amyejut,1/24/2020
4,planejada,Eywcpfq,6/22/2020
9,planejada,Zjyjmiq,1/10/2020
4,preventivo,Rrqaobi,5/21/2020
3,preventivo,Cvbegxw,1/16/2020
9,planejada,Fivcuto,1/6/2020
10,planejada,Hvmstcr,3/19/2020
2,preventivo,Bytzlda,4/21/2020
2,corretivo,Worfgkf,6/30/2020
3,corretivo,Medimjf,6/9/2020
2,planejada,Vytdjhj,6/18/2020
1,preventivo,Tfrilyo,3/26/2020
7,planejada,Nbxbsed,8/14/2020
4,preventivo,Npvjjae,10/24/2019
5,corretivo,Wkatacu,12/8/2019
5,corretivo,Fmlkehe,6/1/2020
2,preventivo,Bbfikfn,9/5/2020
5,preventivo,Czgjqvr,5/13/2020
3,corretivo,Bxirxgn,3/7/2020
1,corretivo,Ugtiwsm,5/24/2020
5,corretivo,Kjtypvc,9/5/2020
2,preventivo,Xszqyev,11/15/2019
9,preventivo,Knmrfgc,11/23/2019
9,preventivo,Gzczgee,4/4/2020
4,preventivo,Rhgyqgj,4/25/2020
8,planejada,Eqedsje,12/20/2019
1,corretivo,Pxmujxa,11/10/2019
3,preventivo,Gfduhwv,6/17/2020
6,preventivo,Jjpqsjw,5/12/2020
10,corretivo,Xrhsdbu,2/11/2020
5,corretivo,Msmeppi,4/23/2020
6,planejada,Rjaqstm,4/10/2020
7,corretivo,Qcdsdtu,3/14/2020
8,planejada,Ntnxhoj,10/9/2019
2,planejada,Jtmezmk,9/12/2020
4,planejada,Vuusozn,2/10/2020
3,planejada,Gosdhrr,2/21/2020
9,corretivo,Xswyksn,3/19/2020
7,corretivo,Imdlwsv,8/2/2020
6,corretivo,Zejbyol,12/10/2019
5,planejada,Wcqsoso,6/9/2020
8,preventivo,Aiftujq,3/12/2020
10,planejada,Bklluzs,10/18/2019
2,corretivo,Gdyxwyp,11/13/2019
6,preventivo,Nwtnhvw,6/22/2020
9,corretivo,Bpgsggj,10/11/2019
7,preventivo,Ippuxew,2/9/2020
4,planejada,Algqttp,2/24/2020
4,preventivo,Xnvjdyu,5/7/2020
2,corretivo,Rhdmeqd,8/8/2020
3,preventivo,Ffvpkqv,5/24/2020
7,preventivo,Zruxneo,9/3/2020
4,planejada,Pkfgsfb,2/18/2020
5,planejada,Gsrghij,9/20/2020
7,planejada,Jaonywa,8/18/2020
1,preventivo,Jilvkks,10/23/2019
8,planejada,Hrpirzb,1/19/2020
4,preventivo,Qqjophu,7/15/2020
8,planejada,Orpxevq,10/17/2019
1,corretivo,Jerxrjx,1/30/2020
2,preventivo,Wxxbevf,4/12/2020
3,preventivo,Syhxhux,11/1/2019
5,preventivo,Kgdmink,9/21/2020
3,planejada,Ozfabpq,8/31/2020
7,corretivo,Oboixvm,6/16/2020
7,corretivo,Kjksiuk,1/26/2020
9,corretivo,Opiqfsa,7/9/2020
6,corretivo,Cqxrxuq,9/17/2020
5,corretivo,Nulbteu,12/16/2019
2,preventivo,Guhwfst,2/2/2020
3,planejada,Rykoicg,11/17/2019
5,planejada,Fuzwern,11/21/2019
8,corretivo,Gghqvii,8/27/2020
4,planejada,Jgyegar,12/14/2019
4,planejada,Rxugnpi,2/25/2020
1,corretivo,Bdxqxdw,2/28/2020
3,preventivo,Hkzqsmm,7/22/2020
9,corretivo,Tfmozyq,6/1/2020
9,planejada,Pyenpur,6/12/2020
9,planejada,Ktzkoun,3/7/2020
1,corretivo,Sspcepw,8/27/2020
6,planejada,Vimkdfd,12/11/2019
8,corretivo,Jjnrccf,5/22/2020
9,preventivo,Ypybwth,1/18/2020
5,corretivo,Smwotqv,12/15/2019
5,corretivo,Zfyluql,3/3/2020
5,planejada,Yseeuje,11/6/2019
9,preventivo,Kskxsbl,9/20/2020
3,corretivo,Riihpcx,5/31/2020
6,corretivo,Gyomblj,1/4/2020
10,preventivo,Dfdggyy,6/20/2020
10,preventivo,Eeslixy,8/27/2020
4,corretivo,Fawrsxz,11/22/2019
3,corretivo,Doarohr,3/1/2020
4,preventivo,Cbcvwcm,5/18/2020
8,corretivo,Xkanihk,12/30/2019
10,preventivo,Ytuevxx,4/15/2020
10,preventivo,Negvelb,11/19/2019
3,planejada,Mqbfhyl,7/4/2020
9,planejada,Huhoenf,5/19/2020
7,preventivo,Lsbljjy,8/26/2020
2,preventivo,Dvkllwk,4/9/2020
4,preventivo,Hewdwce,3/11/2020
5,preventivo,Zkvrqyo,8/21/2020
8,planejada,Azonzly,3/21/2020
1,corretivo,Pxuovgl,5/6/2020
9,planejada,Rolcsew,5/11/2020
7,corretivo,Gfalkeb,10/12/2019
10,planejada,Ouewjsg,1/12/2020
7,preventivo,Ebxkmwj,7/5/2020
10,planejada,Iylakvj,4/24/2020
5,corretivo,Hzlotmg,7/24/2020
4,corretivo,Cnmpdix,11/4/2019
9,preventivo,Rosvvnj,9/22/2020
10,planejada,Mhlvueq,2/19/2020
8,planejada,Slflonw,11/13/2019
5,planejada,Vhchfiy,9/10/2020
8,planejada,Jebiaww,6/26/2020
9,planejada,Yhokfun,5/2/2020
6,corretivo,Izgydla,11/23/2019
4,planejada,Cpaxgfe,1/28/2020
6,planejada,Jirlfmd,11/12/2019
7,planejada,Uuxydbl,9/10/2020
6,corretivo,Pykhsuj,9/24/2020
7,preventivo,Pgailkn,11/15/2019
1,preventivo,Jvzytlc,9/25/2020
3,planejada,Lnqegql,11/5/2019
2,planejada,Tnmpbls,5/11/2020
5,planejada,Eppheiz,11/11/2019
8,planejada,Fzwrvsj,5/26/2020
4,corretivo,Goyudyb,1/20/2020
3,planejada,Wynnabz,2/6/2020
7,planejada,Jwexwor,11/13/2019
1,corretivo,Fyosdyw,3/7/2020
9,corretivo,Pawdpuo,3/21/2020
8,preventivo,Jrrfkar,10/4/2019
1,preventivo,Xvblwtj,5/15/2020
10,preventivo,Akzcyfn,12/27/2019
9,planejada,Sagkgwh,3/9/2020
1,planejada,Kycstif,6/7/2020
3,corretivo,Oklrljo,12/3/2019
3,corretivo,Mvrfgqq,3/28/2020
9,planejada,Ptqwakx,9/12/2020
7,corretivo,Tctwgwr,3/11/2020
10,preventivo,Utipjno,12/13/2019
7,corretivo,Rolwxiv,4/18/2020
3,corretivo,Eoemklh,9/24/2020
3,corretivo,Nslxwsq,12/21/2019
9,planejada,Kmjqsym,4/1/2020
10,preventivo,Hqegskf,4/10/2020
2,corretivo,Centtdx,4/11/2020
5,planejada,Ervsmpj,8/9/2020
10,preventivo,Vfqtvds,5/11/2020
9,corretivo,Lhkfgsd,5/26/2020
8,preventivo,Xtdnyjt,1/29/2020
8,corretivo,Rolchcf,4/2/2020
9,corretivo,Pwkivpv,4/17/2020
8,planejada,Srvgiqd,7/24/2020
7,corretivo,Rurajeg,7/9/2020
8,planejada,Jwuidcp,3/25/2020
1,preventivo,Ietiivl,1/12/2020
3,planejada,Fnhskhu,7/6/2020
5,preventivo,Lciactw,2/8/2020
10,corretivo,Kxbzkcm,6/3/2020
3,planejada,Iihmcgw,7/7/2020
4,preventivo,Mpydyzu,4/11/2020
7,planejada,Kgdvjbl,6/21/2020
2,corretivo,Ytzaygt,10/12/2019
3,preventivo,Mzvaxhq,11/12/2019
8,preventivo,Doqtkmx,4/6/2020
1,planejada,Kzcmamn,3/8/2020
5,planejada,Fpnxjrh,4/27/2020
9,preventivo,Kotgjef,11/26/2019
2,planejada,Jeeklkb,9/3/2020
2,preventivo,Mdaqkph,1/2/2020
7,planejada,Oujnnjb,3/8/2020
1,preventivo,Elfusfk,2/21/2020
6,preventivo,Egbfdie,9/13/2020
6,preventivo,Vlijwyy,7/10/2020
7,planejada,Adpljod,1/6/2020
5,planejada,Hpwuize,10/22/2019
5,corretivo,Blfvdtl,8/5/2020
2,corretivo,Ytxgije,2/9/2020
2,corretivo,Dwdawvm,3/2/2020
3,planejada,Mvoqvvl,3/2/2020
9,planejada,Zrkbose,9/3/2020
9,corretivo,Ihdybhv,5/30/2020
10,preventivo,Jbksywr,8/26/2020
6,planejada,Oxjreen,9/10/2020
6,preventivo,Zqpdxsb,7/7/2020
1,preventivo,Wbdtwcx,5/31/2020
7,preventivo,Pzqhjmm,1/24/2020
9,planejada,Tuqbpip,3/3/2020
7,corretivo,Iqqrxlr,7/7/2020
8,preventivo,Fvohhyd,5/1/2020
1,corretivo,Ahkpypy,6/26/2020
7,preventivo,Yboeljr,9/20/2020
9,corretivo,Uzboccq,11/27/2019
3,planejada,Tadmqnm,4/17/2020
4,preventivo,Wthjrpb,3/2/2020
6,planejada,Sfhwsuj,12/11/2019
4,planejada,Ytpkblq,2/4/2020
3,planejada,Yecypdp,12/8/2019
2,corretivo,Mvremza,9/28/2020
6,corretivo,Rcpqdwa,6/1/2020
3,corretivo,Zralujg,11/21/2019
5,planejada,Ehmdxlr,3/24/2020
2,planejada,Qxhpnwy,1/25/2020
5,corretivo,Dwjliqv,1/22/2020
5,preventivo,Vpesvdk,12/10/2019
5,corretivo,Wzocjmn,5/7/2020
4,planejada,Myjficm,5/27/2020
4,preventivo,Yjgybzf,2/20/2020
1,planejada,Estevsw,6/1/2020
4,corretivo,Gntgumk,11/23/2019
8,preventivo,Kudoknw,9/12/2020
5,corretivo,Sjkntzm,6/30/2020
10,preventivo,Dnhxvwu,4/4/2020
5,corretivo,Xvyjagx,9/23/2020
3,preventivo,Uexrzsx,4/25/2020
4,preventivo,Ufvsocg,12/12/2019
9,preventivo,Kndcmab,3/9/2020
1,corretivo,Eidryii,7/30/2020
7,preventivo,Bdkigit,7/26/2020
7,planejada,Kwhrcpg,1/9/2020
4,preventivo,Lpqxrpb,11/1/2019
6,preventivo,Lfmcvdl,4/1/2020
3,planejada,Imuypvw,5/2/2020
1,planejada,Uexyirt,1/17/2020
9,preventivo,Xgjaulc,2/12/2020
2,planejada,Zbjbyrb,5/14/2020
7,corretivo,Hjgedcv,6/18/2020
8,preventivo,Quhwhch,2/10/2020
9,planejada,Dsqzzfp,6/11/2020
9,planejada,Xrbnnaf,6/23/2020
9,corretivo,Ysbqqvk,9/28/2020
1,planejada,Ramvcmb,1/27/2020
5,preventivo,Stegiaz,12/14/2019
3,corretivo,Qbsevpo,5/17/2020
9,preventivo,Vgcewhb,5/25/2020
8,corretivo,Ianpujr,10/16/2019
2,corretivo,Ejgosgn,1/21/2020
5,corretivo,Jzzguxz,8/22/2020
1,planejada,Xmqnwww,12/14/2019
1,planejada,Atdglze,7/29/2020
5,planejada,Scemfez,12/30/2019
7,corretivo,Oyzfkmh,6/5/2020
10,preventivo,Ehptqty,3/13/2020
1,corretivo,Mdgfcla,10/10/2019
10,planejada,Szdbknz,4/5/2020
9,corretivo,Itajvyd,2/4/2020
10,planejada,Ijgciqj,11/18/2019
1,preventivo,Bafiris,1/8/2020
7,planejada,Gxcqgqy,11/4/2019
1,corretivo,Zzmogki,10/29/2019
5,planejada,Pzcfgfj,8/8/2020
3,preventivo,Klpxhge,11/12/2019
7,planejada,Jwgxijr,5/8/2020
10,corretivo,Obrxuaa,3/28/2020
4,corretivo,Ukgnvdi,11/4/2019
2,preventivo,Fyhsbpf,1/4/2020
6,planejada,Lsfilei,10/7/2019
5,preventivo,Ltyfgzp,9/16/2020
3,preventivo,Qgqxwxe,6/6/2020
8,preventivo,Dyfcqcd,5/10/2020
8,planejada,Dthycul,2/2/2020
6,corretivo,Celwhnx,2/28/2020
7,preventivo,Vkjxdwi,1/26/2020
10,planejada,Yhkmust,6/12/2020
7,corretivo,Qqewxmw,6/15/2020
8,planejada,Jxbzvbi,12/17/2019
3,corretivo,Fnaakhk,11/22/2019
1,corretivo,Bdthemw,7/30/2020
2,corretivo,Lhveuxk,3/22/2020
2,corretivo,Hzimeps,1/6/2020
2,preventivo,Uumvrsg,9/17/2020
7,planejada,Zdurjbt,4/5/2020
8,planejada,Krezmgz,8/26/2020
8,planejada,Ovkwmlw,7/3/2020
8,preventivo,Iakyxzr,12/9/2019
3,planejada,Eyxrzjz,8/9/2020
4,corretivo,Wyzorll,8/5/2020
7,planejada,Zenlcbo,7/22/2020
4,preventivo,Lbimxnb,7/25/2020
1,corretivo,Yvriybn,10/7/2019
5,preventivo,Zhhvdjt,4/14/2020
3,preventivo,Bszktvt,7/21/2020
8,planejada,Ehxbowc,9/1/2020
9,corretivo,Hthtdrk,1/16/2020
10,preventivo,Jkajauc,2/5/2020
5,planejada,Gnppjun,5/1/2020
3,corretivo,Sbqxhfv,12/4/2019
9,planejada,Xjqaeuy,5/7/2020
3,preventivo,Ucwxvur,9/1/2020
2,planejada,Nbtmljm,2/7/2020
3,preventivo,Lkrenww,9/16/2020
10,planejada,Swydhar,3/24/2020
7,planejada,Pzscuqi,8/20/2020
6,corretivo,Xhrfcxu,2/8/2020
5,preventivo,Obsvrln,2/8/2020
8,preventivo,Icenmha,10/1/2019
7,preventivo,Jejrgpp,10/2/2019
2,planejada,Iasiuvu,10/5/2019
10,preventivo,Bleroxm,6/15/2020
6,preventivo,Yuscntr,3/26/2020
2,corretivo,Tnpochn,12/21/2019
7,planejada,Hdjgrdn,4/22/2020
3,corretivo,Fkffssj,5/28/2020
5,planejada,Ypsvlvf,8/26/2020
7,corretivo,Ykghdjf,5/13/2020
9,preventivo,Qyyikpe,3/15/2020
6,planejada,Qlsggst,4/8/2020
6,planejada,Fslejmj,7/10/2020
6,planejada,Mxjhxsi,10/6/2019
8,corretivo,Bsfpzhd,4/4/2020
1,planejada,Azkijxb,11/13/2019
10,preventivo,Gfomtjk,4/26/2020
9,corretivo,Ervfcje,7/13/2020
4,planejada,Kkvrquy,2/14/2020
3,corretivo,Cjwkafq,6/12/2020
6,preventivo,Nginqko,10/16/2019
2,planejada,Jifukqh,12/8/2019
10,corretivo,Snaidwf,8/19/2020
9,corretivo,Cvlmvgr,8/29/2020
2,planejada,Ierldjx,7/14/2020
2,corretivo,Uhtvxnf,6/3/2020
5,corretivo,Atuxfqk,12/10/2019
3,preventivo,Hhppbzu,4/8/2020
10,planejada,Djudnau,1/31/2020
10,preventivo,Ovjoouz,2/17/2020
7,preventivo,Brcjrwt,8/24/2020
9,corretivo,Tvubfgp,2/7/2020
6,corretivo,Xrszqme,2/7/2020
3,preventivo,Wrstwdf,10/28/2019
5,preventivo,Dxfasid,8/27/2020
5,preventivo,Zmcweqm,3/23/2020
1,corretivo,Ezoohoh,3/27/2020
8,preventivo,Yuawotf,3/28/2020
10,planejada,Pmckluj,6/24/2020
1,preventivo,Xfkyzwo,1/7/2020
3,planejada,Omkqxud,6/19/2020
2,planejada,Entgjtp,4/20/2020
9,preventivo,Maqlnmi,7/23/2020
1,planejada,Heunfte,2/1/2020
2,corretivo,Hgxgdjj,12/22/2019
1,preventivo,Iwkzfol,3/16/2020
8,corretivo,Yigmfqs,5/3/2020
5,planejada,Haunkqj,5/21/2020
5,planejada,Hkmdoyu,1/31/2020
4,planejada,Erhjkzg,11/16/2019
4,corretivo,Tfjkhqq,5/12/2020
8,corretivo,Rdoviru,6/10/2020
3,planejada,Bcganrs,9/14/2020
4,preventivo,Ludqkmf,11/10/2019
5,corretivo,Oaqhzzt,8/15/2020
6,planejada,Krshoet,12/22/2019
7,planejada,Unxvems,1/11/2020
10,preventivo,Vmlxrhh,10/23/2019
7,corretivo,Ftomyon,1/27/2020
8,corretivo,Altlbuq,4/9/2020
1,corretivo,Rsluick,3/18/2020
6,corretivo,Ceuquij,8/25/2020
5,preventivo,Hhyzhcf,4/11/2020
1,corretivo,Majvbkc,3/21/2020
8,corretivo,Ndoomiu,8/5/2020
1,corretivo,Jxvataz,6/3/2020
4,planejada,Dkjyrfn,2/9/2020
1,preventivo,Vjbcczs,5/17/2020
7,planejada,Nhgblil,1/14/2020
5,preventivo,Ezmtxdw,2/26/2020
7,preventivo,Obhemoa,3/21/2020
2,corretivo,Ouhhriv,3/14/2020
4,planejada,Plzbisy,8/13/2020
6,corretivo,Jcecskq,1/27/2020
9,corretivo,Slqbebm,11/10/2019
7,planejada,Dldzlbt,9/27/2020
3,planejada,Uezwmzv,4/29/2020
10,corretivo,Gapuiyk,5/24/2020
8,preventivo,Pgtfndo,4/29/2020
3,planejada,Evfcubx,4/4/2020
4,planejada,Xyebbfd,5/22/2020
4,preventivo,Awbzuzt,8/16/2020
9,corretivo,Gjhrfvb,11/11/2019
5,planejada,Uvhnbzb,7/17/2020
4,preventivo,Snkvjpd,7/25/2020
4,corretivo,Omfwpyz,4/21/2020
10,planejada,Acdssep,11/17/2019
1,corretivo,Tcwfbbu,7/22/2020
10,corretivo,Mjyumur,1/31/2020
10,corretivo,Eewxlmc,1/16/2020
3,corretivo,Vygdrnt,4/26/2020
10,planejada,Lxwoqrq,2/28/2020
2,planejada,Btqnxur,10/10/2019
9,corretivo,Nhsglbq,12/16/2019
10,preventivo,Uvnanry,9/9/2020
1,planejada,Ikasnxa,8/27/2020
4,preventivo,Pcedbnp,1/7/2020
9,planejada,Cxdpccc,2/12/2020
9,preventivo,Cwjnudq,2/15/2020
10,corretivo,Kuumydi,12/9/2019
2,planejada,Pvsbwpn,9/7/2020
8,planejada,Yhcumdm,2/3/2020
6,planejada,Wezhyjx,1/9/2020
9,corretivo,Qhebimz,12/20/2019
6,planejada,Jpswntl,8/31/2020
7,corretivo,Wjobhwn,5/21/2020
5,corretivo,Mcgkcfi,5/4/2020
2,corretivo,Haubtrr,11/29/2019
7,preventivo,Zgnylnd,12/22/2019
7,planejada,Dqlqsqx,11/15/2019
2,corretivo,Xbrfikn,11/19/2019
9,planejada,Ynbmytz,4/1/2020
4,preventivo,Imbxitv,7/25/2020
10,planejada,Bpykuht,8/5/2020
4,planejada,Ubtoxmf,11/13/2019
5,corretivo,Zclvigf,8/6/2020
1,planejada,Epnibez,7/1/2020
6,corretivo,Ikerndp,6/8/2020
10,planejada,Wsktkrs,1/12/2020
9,corretivo,Hplmyaa,2/24/2020
4,corretivo,Nmllozb,3/15/2020
9,corretivo,Ymfutpt,6/20/2020
10,planejada,Wnvdsba,11/30/2019
10,preventivo,Hkqvpmq,5/20/2020
1,preventivo,Mybvkex,11/16/2019
4,preventivo,Ogvjawj,5/22/2020
4,planejada,Blqxdmn,8/9/2020
5,planejada,Ckwgonq,8/23/2020
3,preventivo,Jlqldht,11/19/2019
6,preventivo,Qhhjcca,12/14/2019
7,planejada,Kndfrxb,10/17/2019
8,corretivo,Uywrpdy,9/30/2019
3,corretivo,Wrtxpxw,3/18/2020
8,corretivo,Owpmdpp,2/17/2020
8,corretivo,Tohisjq,9/15/2020
7,corretivo,Aitvniy,3/6/2020
9,corretivo,Ajwaxgi,9/16/2020
3,preventivo,Elanzzn,8/18/2020
9,preventivo,Oaigsmu,3/25/2020
8,corretivo,Bpwiaqx,9/4/2020
4,preventivo,Wmckkol,12/17/2019
1,corretivo,Retnwve,3/5/2020
9,planejada,Enlbhxr,8/9/2020
7,corretivo,Btrkvcl,4/12/2020
7,planejada,Eoegfzq,6/26/2020
2,corretivo,Axquavs,3/18/2020
4,corretivo,Tsdnian,3/22/2020
5,preventivo,Pqliald,7/22/2020
4,corretivo,Jriyhjl,12/4/2019
4,planejada,Slcdrew,10/14/2019
6,preventivo,Pmuuuor,11/14/2019
10,planejada,Dzdwtdb,5/20/2020
5,planejada,Jlxwuyj,8/28/2020
2,corretivo,Lkgbcgc,2/14/2020
7,preventivo,Qqwndlp,3/8/2020
3,corretivo,Vljpbvo,6/13/2020
6,corretivo,Kzmlkhc,5/22/2020
3,planejada,Tkgtpcv,9/29/2020
7,preventivo,Zpzrnia,11/25/2019
7,planejada,Dparfbl,9/27/2020
1,corretivo,Hgrkkys,11/10/2019
4,preventivo,Zrrbket,9/2/2020
4,corretivo,Axyuykj,8/2/2020
1,planejada,Rjbsftd,4/30/2020
6,preventivo,Qpexqzc,7/23/2020
1,corretivo,Mdvodbu,4/28/2020
2,corretivo,Ulhdjcc,7/14/2020
4,preventivo,Wkxsrpt,8/25/2020
10,preventivo,Hyutixy,12/4/2019
10,preventivo,Mgtyopb,9/9/2020
5,planejada,Tshpkhb,12/11/2019
5,planejada,Csdphpp,4/6/2020
2,corretivo,Nzvodpd,2/4/2020
1,preventivo,Smkivmz,8/7/2020
7,corretivo,Qgctmoj,6/15/2020
6,preventivo,Vnvqknz,10/17/2019
7,planejada,Hkbdnaa,1/10/2020
8,planejada,Lhuwpgg,1/9/2020
1,corretivo,Qpwogbl,3/19/2020
2,corretivo,Tceujtz,7/21/2020
7,planejada,Txowmwi,10/22/2019
4,corretivo,Tjumqwh,10/18/2019
8,preventivo,Gwzvlwn,8/9/2020
10,corretivo,Xcykxpz,9/20/2020
10,preventivo,Udzulot,10/13/2019
5,planejada,Beocvix,10/19/2019
4,preventivo,Hsvdwsy,9/3/2020
10,planejada,Wghbpha,4/13/2020
6,corretivo,Qkclxek,3/26/2020
5,corretivo,Vzbsgkq,1/23/2020
8,planejada,Tgmixqw,6/12/2020
8,preventivo,Qfhzwrd,5/9/2020
1,planejada,Nvhaqnx,12/13/2019
5,planejada,Ncvomjp,5/9/2020
6,preventivo,Uihxgnu,11/1/2019
3,planejada,Tigtovs,5/25/2020
6,corretivo,Brhudhr,3/6/2020
10,corretivo,Iwjjdpm,3/11/2020
2,preventivo,Fkzqfqw,8/9/2020
2,preventivo,Sozffsm,12/7/2019
2,corretivo,Akqzczk,11/19/2019
6,corretivo,Acklpxw,3/26/2020
9,preventivo,Rzrjrke,9/23/2020
1,planejada,Niocbzi,7/19/2020
10,planejada,Cnqmndl,9/27/2020
6,planejada,Dnleoqy,8/29/2020
1,planejada,Htweiji,5/24/2020
5,corretivo,Xgnzpmg,9/23/2020
6,planejada,Clubxgc,1/11/2020
1,planejada,Mhdkmlk,12/17/2019
10,preventivo,Itnjzec,2/24/2020
9,corretivo,Lxiencp,5/2/2020
3,preventivo,Tdterer,4/21/2020
8,preventivo,Jxnacix,5/10/2020
10,preventivo,Zuldfiv,7/17/2020
5,planejada,Awrkdhi,6/19/2020
5,planejada,Bjngohk,5/31/2020
10,planejada,Gxcijco,5/12/2020
6,corretivo,Wwomieu,1/31/2020
8,corretivo,Pyouwxf,12/22/2019
9,planejada,Pjcftdp,4/27/2020
2,corretivo,Wfclxrf,4/21/2020
1,corretivo,Tjgdtqm,5/16/2020
3,planejada,Djqgzhz,11/26/2019
10,corretivo,Uanbjmq,11/9/2019
5,corretivo,Tnmyplb,3/1/2020
6,corretivo,Vumufoz,10/17/2019
5,corretivo,Haxnvji,9/10/2020
8,corretivo,Qaeoavs,8/25/2020
9,planejada,Rdaepkg,1/25/2020
6,planejada,Zstxlge,12/9/2019
7,corretivo,Ykvspuv,8/28/2020
3,corretivo,Zxbicxz,10/6/2019
5,preventivo,Kvzvwyj,10/4/2019
9,planejada,Ugukthb,8/19/2020
8,planejada,Qdvdrvp,5/18/2020
7,planejada,Jhokxzn,8/31/2020
8,planejada,Yvakvlr,7/17/2020
7,planejada,Rdqlcqj,6/24/2020
5,corretivo,Ogdiyjd,4/24/2020
2,preventivo,Rbtofgk,5/11/2020
3,planejada,Tmzgdjh,5/19/2020
4,corretivo,Golgnnu,6/18/2020
6,corretivo,Hsrzugs,5/28/2020
10,preventivo,Vyxvkju,4/12/2020
6,corretivo,Ccmbvdf,3/2/2020
2,planejada,Dazpyiy,3/15/2020
6,preventivo,Ugtotew,8/20/2020
4,planejada,Ljyqoxj,4/16/2020
2,corretivo,Ifrkrtb,10/1/2019
2,corretivo,Sogywdm,6/21/2020
1,planejada,Poanqoh,10/7/2019
4,preventivo,Cvwptja,1/19/2020
8,planejada,Ncfmlvq,4/21/2020
7,preventivo,Rchwdbh,12/2/2019
3,corretivo,Ucsnpem,11/1/2019
3,planejada,Kurhcla,2/19/2020
5,corretivo,Xktxkwc,5/13/2020
8,planejada,Zicpshc,8/31/2020
9,planejada,Whmthip,8/11/2020
4,preventivo,Nwxepvr,10/6/2019
2,planejada,Wocqnqx,4/6/2020
5,corretivo,Pieyhfu,6/10/2020
9,preventivo,Yyxvvrr,7/28/2020
10,planejada,Kualeun,7/15/2020
6,planejada,Xubmkyz,4/30/2020
10,planejada,Qhustws,11/8/2019
2,planejada,Pzivsfb,8/3/2020
5,planejada,Errojct,9/26/2020
8,preventivo,Jjyxwvo,7/26/2020
3,corretivo,Cggcezh,8/3/2020
9,planejada,Rbsaqia,8/17/2020
2,preventivo,Itjgehl,3/29/2020
10,corretivo,Popvckd,11/8/2019
8,preventivo,Tyeywgg,7/20/2020
2,planejada,Vbqsfsb,2/7/2020
2,corretivo,Ytewftx,7/27/2020
6,planejada,Hunflql,8/9/2020
3,corretivo,Fosdmyg,6/23/2020
4,corretivo,Xxoekac,3/27/2020
10,corretivo,Hypvdfw,12/24/2019
3,corretivo,Guddsne,12/27/2019
10,planejada,Eyyrhsd,7/15/2020
4,corretivo,Neelban,5/16/2020
2,preventivo,Sglwqyz,8/26/2020
8,corretivo,Pfwgkbg,8/8/2020
8,corretivo,Wrlrcau,9/24/2020
9,planejada,Cbqxwfk,1/21/2020
6,corretivo,Xsnbzrq,10/14/2019
1,preventivo,Gtofvfw,6/21/2020
7,preventivo,Buonmlg,1/18/2020
2,preventivo,Maeughv,10/1/2019
2,corretivo,Qdjdbjv,8/22/2020
3,preventivo,Kdgywgt,12/19/2019
2,preventivo,Aajcfkz,3/13/2020
2,planejada,Svbbbxe,9/3/2020
6,corretivo,Cjpukzt,2/11/2020
6,preventivo,Tbjpafj,10/2/2019
10,planejada,Nfjoayo,1/4/2020
2,planejada,Fulsvet,10/14/2019
10,preventivo,Nphrtmp,10/30/2019
7,planejada,Pprldkk,11/13/2019
5,corretivo,Ebehepf,12/2/2019
3,preventivo,Fflmwqu,3/31/2020
7,planejada,Eqxwpgg,6/30/2020
3,preventivo,Ohnbrkw,9/15/2020
5,corretivo,Cchrade,9/19/2020
6,preventivo,Nayunvu,11/17/2019
3,planejada,Hnknvxj,7/14/2020
6,corretivo,Ybbsncj,5/30/2020
4,preventivo,Hsuhelh,12/24/2019
2,planejada,Znwunpt,12/29/2019
1,corretivo,Biblmzx,11/12/2019
6,corretivo,Seeynhh,1/15/2020
5,preventivo,Bkhrmmu,10/7/2019
4,corretivo,Ulzbeff,7/17/2020
5,corretivo,Minxhqy,3/17/2020
9,corretivo,Bxuvjfe,12/2/2019
9,preventivo,Ynqmcvw,1/4/2020
4,corretivo,Ggjdaen,7/26/2020
7,preventivo,Pfnxsmf,1/26/2020
4,planejada,Jpsnond,7/2/2020
8,corretivo,Pfofiit,9/6/2020
9,planejada,Hiqznqk,10/25/2019
3,planejada,Evqdoko,7/2/2020
7,planejada,Wqynxsd,8/17/2020
7,preventivo,Lmthwly,7/6/2020
6,preventivo,Xdngcug,2/20/2020
10,planejada,Fjxstmz,1/6/2020
1,preventivo,Qudiygd,5/28/2020
9,preventivo,Bqapxad,10/8/2019
6,planejada,Xnswknv,1/1/2020
4,corretivo,Pmpdyew,8/30/2020
8,preventivo,Rfgmhiq,9/9/2020
1,corretivo,Xrkalqw,2/12/2020
6,planejada,Fqgwzlv,5/23/2020
4,planejada,Ddpahtw,8/30/2020
8,preventivo,Svgalwx,5/3/2020
8,planejada,Vtbwpoo,7/15/2020
2,preventivo,Dsxkgqs,10/8/2019
8,preventivo,Osyhhzn,9/7/2020
3,preventivo,Sunyras,2/24/2020
3,planejada,Chfbnis,2/28/2020
7,planejada,Brftqxt,7/17/2020
4,corretivo,Xyferjd,4/29/2020
1,planejada,Airbtec,8/10/2020
7,preventivo,Muxabir,3/3/2020
6,planejada,Ljpuqrb,12/9/2019
8,preventivo,Dhqhxpc,8/8/2020
3,planejada,Qjzxbtt,4/24/2020
9,preventivo,Xjadvge,1/29/2020
1,corretivo,Dabpuig,5/16/2020
1,planejada,Ihokefh,5/12/2020
2,corretivo,Pttygwe,5/22/2020
3,corretivo,Lbhsnfu,8/16/2020
4,corretivo,Szmwncp,2/1/2020
1,preventivo,Jissuzx,9/18/2020
9,corretivo,Fpepcip,12/16/2019
7,preventivo,Rfixmzq,7/6/2020
2,planejada,Rlhktzu,8/9/2020
5,planejada,Szrvbmd,12/21/2019
6,corretivo,Dnrtlcp,9/29/2020
9,corretivo,Qzsbhjf,4/13/2020
1,preventivo,Krrbbyb,10/20/2019
10,preventivo,Tcpeprj,2/6/2020
8,preventivo,Cuubrfi,3/24/2020
3,planejada,Qmucyuz,1/11/2020
4,preventivo,Cqlnhsp,9/23/2020
4,corretivo,Blotgbg,12/17/2019
9,preventivo,Gjswduq,2/5/2020
9,preventivo,Vxxcnpp,5/10/2020
4,planejada,Misfgaa,12/12/2019
10,preventivo,Pzulnkt,12/4/2019
10,corretivo,Yvtpdbx,4/9/2020
6,corretivo,Sjtvazf,4/18/2020
10,preventivo,Ioohisp,4/2/2020
5,preventivo,Mwrsjwz,8/21/2020
5,corretivo,Xbghkwd,7/22/2020
1,corretivo,Aamsgxc,1/25/2020
8,corretivo,Hystjek,6/25/2020
8,corretivo,Ykqfope,8/25/2020
6,corretivo,Oxymxfz,6/2/2020
9,corretivo,Hssluni,3/2/2020
3,corretivo,Lgoezdm,3/10/2020
9,planejada,Wkihrjv,10/27/2019
10,preventivo,Xvosnlq,1/12/2020
3,planejada,Bqjqygj,6/18/2020
3,preventivo,Lvsqucs,7/14/2020
3,corretivo,Epvuhod,12/6/2019
10,corretivo,Sldbisa,2/3/2020
8,corretivo,Rracdid,10/30/2019
2,corretivo,Knfyeeb,1/7/2020
8,planejada,Rdlbghe,4/14/2020
9,corretivo,Vwpuvkq,5/30/2020
8,planejada,Jgyjkmd,1/18/2020
4,preventivo,Oqaefob,3/26/2020
8,corretivo,Tyydmqd,11/5/2019
4,planejada,Paoohki,8/19/2020
3,corretivo,Lryaztw,12/21/2019
5,preventivo,Lfbaobm,1/10/2020
7,planejada,Dmgifcu,12/26/2019
1,corretivo,Yaiadwp,3/9/2020
3,planejada,Peykjrb,8/3/2020
4,corretivo,Enrgwkv,6/8/2020
5,planejada,Qfyefaz,3/25/2020
8,corretivo,Clujahc,12/24/2019
5,preventivo,Vuvnnvh,8/6/2020
3,planejada,Ybvegiv,12/11/2019
10,corretivo,Gzllhgi,9/18/2020
5,preventivo,Euexbay,2/15/2020
4,preventivo,Eqrwasg,3/6/2020
10,planejada,Kjmrceo,8/30/2020
6,preventivo,Jdqfvyy,8/16/2020
5,planejada,Hhkazjn,1/26/2020
1,planejada,Orcvfiu,5/24/2020
2,corretivo,Mwedvsv,6/30/2020
9,planejada,Gbgzlmq,11/18/2019
9,corretivo,Zuafxoz,10/16/2019
2,corretivo,Wdgmwyy,1/30/2020
6,preventivo,Qujvomq,7/25/2020
2,preventivo,Dnpsdbx,6/22/2020
9,planejada,Ffkphfi,1/1/2020
10,preventivo,Oxwicpb,3/13/2020
1,corretivo,Fejoicr,5/21/2020
8,planejada,Suohfpo,7/30/2020
9,planejada,Spoamot,11/6/2019
8,corretivo,Rxfgjui,6/13/2020
8,preventivo,Yacpgzt,2/15/2020
2,planejada,Gsyzmdq,9/25/2020
3,corretivo,Xcwhscn,8/14/2020
6,planejada,Thdhzuc,3/16/2020
7,planejada,Hqneiws,10/9/2019
5,planejada,Azuheso,7/20/2020
2,corretivo,Lfeqguj,6/25/2020
7,planejada,Vtbgqww,11/5/2019
9,preventivo,Uudtwgf,11/30/2019
6,planejada,Ngfgvee,11/17/2019
2,preventivo,Rgkdjds,3/15/2020
1,planejada,Mpihvri,10/13/2019
9,planejada,Ezqivel,7/14/2020
6,planejada,Pbylply,9/13/2020
2,planejada,Fxgfpex,2/8/2020
2,corretivo,Zkkcljo,4/23/2020
8,preventivo,Qdfwpsn,4/4/2020
8,preventivo,Dcapnpa,5/16/2020
8,preventivo,Mslofgu,5/29/2020
1,preventivo,Iijmguc,4/8/2020
1,planejada,Dbwbqzj,4/16/2020
7,corretivo,Aihyjkb,1/28/2020
5,preventivo,Dpsotrs,12/18/2019
10,preventivo,Ciecxgi,1/24/2020
8,corretivo,Lvzvvty,1/21/2020
6,corretivo,Dirrvfc,5/6/2020
9,corretivo,Cxxopmo,1/11/2020
5,planejada,Agghvtt,6/21/2020
6,planejada,Esoirwb,12/2/2019
9,corretivo,Wvhkwav,8/2/2020
1,preventivo,Ihngsfk,1/14/2020
5,corretivo,Feitnim,3/31/2020
1,planejada,Hpbcgvg,6/30/2020
5,planejada,Olxiagq,6/7/2020
8,preventivo,Uimseku,4/21/2020
10,preventivo,Jgrmjby,9/27/2020
5,preventivo,Eonzfra,7/21/2020
4,corretivo,Fuovusx,10/11/2019
10,corretivo,Slyavsn,3/7/2020
7,planejada,Timzonc,9/5/2020
5,corretivo,Qphirls,12/29/2019
6,preventivo,Tlhmhhp,8/6/2020
5,planejada,Juxnwhc,1/2/2020
7,preventivo,Ecsngui,8/25/2020
2,preventivo,Nfpxtvk,9/18/2020
1,planejada,Couycbi,5/2/2020
8,preventivo,Evvhbme,11/4/2019
6,planejada,Gpfzetr,6/30/2020
6,planejada,Kdwsjen,9/29/2020
7,planejada,Okghzqv,12/22/2019
10,corretivo,Kkqodid,5/9/2020
8,corretivo,Ejdxdqe,8/22/2020
4,preventivo,Ytvdwyi,6/20/2020
4,preventivo,Oohdjcz,5/16/2020
2,corretivo,Puhwinc,12/21/2019
8,corretivo,Zfoqeki,1/24/2020
5,preventivo,Tlteqyj,7/22/2020
9,planejada,Oikishi,4/28/2020
10,planejada,Qzvoahe,3/12/2020
9,corretivo,Znwifel,5/5/2020
2,corretivo,Krjoyxz,2/25/2020
6,preventivo,Egyjbiu,11/12/2019
4,corretivo,Ntzoirg,1/31/2020
5,planejada,Nsnzoom,7/6/2020
9,corretivo,Oqqlzuj,10/16/2019
7,corretivo,Wmgqyky,11/22/2019
5,corretivo,Fbbpnyf,8/3/2020
2,corretivo,Pwgwtwl,6/16/2020
5,corretivo,Gfftoav,3/2/2020
1,corretivo,Mhcduiq,3/25/2020
9,preventivo,Jslysxe,8/24/2020
9,preventivo,Liyywex,7/22/2020
1,preventivo,Hoeufjm,5/23/2020
6,preventivo,Ovjxnky,12/14/2019
6,preventivo,Xknlgow,6/4/2020
1,preventivo,Pjfnong,4/4/2020
10,corretivo,Rtvkhri,2/16/2020
8,planejada,Ikiytac,6/6/2020
9,preventivo,Avtccbl,3/27/2020
4,corretivo,Wtfrjuz,10/15/2019
1,preventivo,Zficyae,7/29/2020
3,planejada,Pbgoezr,5/28/2020
8,corretivo,Slrxrel,5/28/2020
9,corretivo,Pxretvd,1/17/2020
2,planejada,Kiffeqc,3/6/2020
2,planejada,Bvsqjxg,11/18/2019
1,corretivo,Giuhrur,4/21/2020
9,corretivo,Umoojsh,3/11/2020
3,preventivo,Utqucuy,3/5/2020
1,corretivo,Ftvgcrl,2/4/2020
10,corretivo,Lluaizu,2/28/2020
6,preventivo,Dpfgjxs,9/11/2020
3,preventivo,Lalbzfz,7/29/2020
4,preventivo,Emjooeb,4/17/2020
10,preventivo,Omwtmdk,9/4/2020
10,preventivo,Hnidapt,11/9/2019
6,preventivo,Ieffrfb,12/7/2019
6,corretivo,Kbolevn,5/17/2020
8,corretivo,Ktxihyw,12/4/2019
2,preventivo,Gcdwbtq,4/29/2020
8,corretivo,Wflezoj,2/11/2020
1,corretivo,Ntcusfr,6/10/2020
4,preventivo,Ycqwply,11/16/2019
6,corretivo,Xojfsio,4/7/2020
3,corretivo,Stzvyye,5/16/2020
2,preventivo,Lvfxzks,5/3/2020
9,planejada,Jqtwlpj,3/25/2020
5,planejada,Irxlkol,12/3/2019
7,planejada,Kolvxcj,8/16/2020
7,preventivo,Oewwwsy,4/17/2020
1,planejada,Dvpnsqd,1/28/2020
6,corretivo,Phkwcrh,8/1/2020
6,preventivo,Ueosszz,1/25/2020
4,corretivo,Gwojcrl,3/29/2020
7,corretivo,Gdfulef,10/5/2019
3,planejada,Zhzxoky,2/15/2020
7,corretivo,Ibpdnfi,6/12/2020
6,corretivo,Sslxkht,5/30/2020
8,preventivo,Zfobwoz,3/2/2020
6,preventivo,Xemwxwd,6/23/2020
6,preventivo,Wlhquyy,1/20/2020
8,preventivo,Jlpvhbz,5/4/2020
3,corretivo,Ethggho,12/16/2019
8,corretivo,Nktemlw,11/23/2019
8,corretivo,Sziiine,3/6/2020
1,corretivo,Rtundmv,12/11/2019
7,preventivo,Arjvmxv,11/16/2019
7,corretivo,Kxpdfgq,1/31/2020
10,corretivo,Tvunnfm,10/10/2019
10,preventivo,Btdtnek,8/28/2020
4,corretivo,Ukxenls,12/27/2019
9,preventivo,Uuhmtgm,10/13/2019
9,corretivo,Zjvriti,6/25/2020
4,corretivo,Ozmsytu,2/17/2020
3,corretivo,Srofsbf,8/29/2020
8,corretivo,Pkznzld,6/5/2020
6,preventivo,Tbbtzam,6/19/2020
2,corretivo,Deywkqv,7/23/2020
2,preventivo,Fmqksoe,9/20/2020
4,planejada,Xuvfxdv,9/30/2019
1,preventivo,Ezxyhjj,3/11/2020
2,corretivo,Isjkrso,2/5/2020
7,corretivo,Tgilvhk,2/12/2020
7,corretivo,Pkxtajx,9/6/2020
8,corretivo,Ptrufby,10/5/2019
7,planejada,Uyqowfd,7/30/2020
10,corretivo,Spwtezz,6/16/2020
7,corretivo,Wjvjhwn,2/15/2020
10,corretivo,Dpmzrhr,10/26/2019
6,preventivo,Uxpxbnp,11/16/2019
